Campaign,Ad Group,Keyword,Match Type,Final URL
Busqueda · Podologia a Domicilio · CT-NY · ES,G1 · Podologa a Domicilio,podologo a domicilio,Exact,https://TUDOMINIO.com/landing-podologa-domicilio.html
Busqueda · Podologia a Domicilio · CT-NY · ES,G1 · Podologa a Domicilio,podologa a domicilio,Exact,https://TUDOMINIO.com/landing-podologa-domicilio.html
Busqueda · Podologia a Domicilio · CT-NY · ES,G1 · Podologa a Domicilio,podologia a domicilio,Exact,https://TUDOMINIO.com/landing-podologa-domicilio.html
Busqueda · Podologia a Domicilio · CT-NY · ES,G1 · Podologa a Domicilio,servicio de podologia a domicilio,Exact,https://TUDOMINIO.com/landing-podologa-domicilio.html
Busqueda · Podologia a Domicilio · CT-NY · ES,G1 · Podologa a Domicilio,podologo que hable español,Exact,https://TUDOMINIO.com/landing-podologa-domicilio.html
Busqueda · Podologia a Domicilio · CT-NY · ES,G1 · Podologa a Domicilio,podologa que hable español,Exact,https://TUDOMINIO.com/landing-podologa-domicilio.html
Busqueda · Podologia a Domicilio · CT-NY · ES,G1 · Podologa a Domicilio,podologo en español,Exact,https://TUDOMINIO.com/landing-podologa-domicilio.html
Busqueda · Podologia a Domicilio · CT-NY · ES,G1 · Podologa a Domicilio,podologo latino,Exact,https://TUDOMINIO.com/landing-podologa-domicilio.html
Busqueda · Podologia a Domicilio · CT-NY · ES,G1 · Podologa a Domicilio,podologo cerca de mi,Exact,https://TUDOMINIO.com/landing-podologa-domicilio.html
Busqueda · Podologia a Domicilio · CT-NY · ES,G1 · Podologa a Domicilio,podologa cerca de mi,Exact,https://TUDOMINIO.com/landing-podologa-domicilio.html
Busqueda · Podologia a Domicilio · CT-NY · ES,G1 · Podologa a Domicilio,quiropedista a domicilio,Exact,https://TUDOMINIO.com/landing-podologa-domicilio.html
Busqueda · Podologia a Domicilio · CT-NY · ES,G1 · Podologa a Domicilio,quiropedista cerca de mi,Exact,https://TUDOMINIO.com/landing-podologa-domicilio.html
Busqueda · Podologia a Domicilio · CT-NY · ES,G1 · Podologa a Domicilio,cuidado de pies a domicilio,Exact,https://TUDOMINIO.com/landing-podologa-domicilio.html
Busqueda · Podologia a Domicilio · CT-NY · ES,G1 · Podologa a Domicilio,corte de uñas de pies a domicilio,Exact,https://TUDOMINIO.com/landing-podologa-domicilio.html
Busqueda · Podologia a Domicilio · CT-NY · ES,G1 · Podologa a Domicilio,podologo para diabeticos,Exact,https://TUDOMINIO.com/landing-podologa-domicilio.html
Busqueda · Podologia a Domicilio · CT-NY · ES,G1 · Podologa a Domicilio,podologo pie diabetico,Exact,https://TUDOMINIO.com/landing-podologa-domicilio.html
Busqueda · Podologia a Domicilio · CT-NY · ES,G1 · Podologa a Domicilio,podologo para adultos mayores,Exact,https://TUDOMINIO.com/landing-podologa-domicilio.html
Busqueda · Podologia a Domicilio · CT-NY · ES,G1 · Podologa a Domicilio,pedicura clinica a domicilio,Exact,https://TUDOMINIO.com/landing-podologa-domicilio.html
Busqueda · Podologia a Domicilio · CT-NY · ES,G1 · Podologa a Domicilio,podologo bridgeport ct,Exact,https://TUDOMINIO.com/landing-podologa-domicilio.html
Busqueda · Podologia a Domicilio · CT-NY · ES,G1 · Podologa a Domicilio,podologo danbury ct,Exact,https://TUDOMINIO.com/landing-podologa-domicilio.html
Busqueda · Podologia a Domicilio · CT-NY · ES,G1 · Podologa a Domicilio,podologo stamford ct,Exact,https://TUDOMINIO.com/landing-podologa-domicilio.html
Busqueda · Podologia a Domicilio · CT-NY · ES,G1 · Podologa a Domicilio,podologo waterbury ct,Exact,https://TUDOMINIO.com/landing-podologa-domicilio.html
Busqueda · Podologia a Domicilio · CT-NY · ES,G1 · Podologa a Domicilio,podologo new haven ct,Exact,https://TUDOMINIO.com/landing-podologa-domicilio.html
Busqueda · Podologia a Domicilio · CT-NY · ES,G1 · Podologa a Domicilio,podologo norwalk ct,Exact,https://TUDOMINIO.com/landing-podologa-domicilio.html
Busqueda · Podologia a Domicilio · CT-NY · ES,G1 · Podologa a Domicilio,podologo white plains ny,Exact,https://TUDOMINIO.com/landing-podologa-domicilio.html
Busqueda · Podologia a Domicilio · CT-NY · ES,G1 · Podologa a Domicilio,podologo port chester ny,Exact,https://TUDOMINIO.com/landing-podologa-domicilio.html
Busqueda · Podologia a Domicilio · CT-NY · ES,G1 · Podologa a Domicilio,podologo new rochelle ny,Exact,https://TUDOMINIO.com/landing-podologa-domicilio.html
Busqueda · Podologia a Domicilio · CT-NY · ES,G1 · Podologa a Domicilio,podologo peekskill ny,Exact,https://TUDOMINIO.com/landing-podologa-domicilio.html
Busqueda · Podologia a Domicilio · CT-NY · ES,G1 · Podologa a Domicilio,podologo a domicilio,Phrase,https://TUDOMINIO.com/landing-podologa-domicilio.html
Busqueda · Podologia a Domicilio · CT-NY · ES,G1 · Podologa a Domicilio,podologa a domicilio,Phrase,https://TUDOMINIO.com/landing-podologa-domicilio.html
Busqueda · Podologia a Domicilio · CT-NY · ES,G1 · Podologa a Domicilio,podologia a domicilio,Phrase,https://TUDOMINIO.com/landing-podologa-domicilio.html
Busqueda · Podologia a Domicilio · CT-NY · ES,G1 · Podologa a Domicilio,podologo que hable español,Phrase,https://TUDOMINIO.com/landing-podologa-domicilio.html
Busqueda · Podologia a Domicilio · CT-NY · ES,G1 · Podologa a Domicilio,podologo en español,Phrase,https://TUDOMINIO.com/landing-podologa-domicilio.html
Busqueda · Podologia a Domicilio · CT-NY · ES,G1 · Podologa a Domicilio,podologo latino,Phrase,https://TUDOMINIO.com/landing-podologa-domicilio.html
Busqueda · Podologia a Domicilio · CT-NY · ES,G1 · Podologa a Domicilio,podologo cerca de mi,Phrase,https://TUDOMINIO.com/landing-podologa-domicilio.html
Busqueda · Podologia a Domicilio · CT-NY · ES,G1 · Podologa a Domicilio,quiropedista,Phrase,https://TUDOMINIO.com/landing-podologa-domicilio.html
Busqueda · Podologia a Domicilio · CT-NY · ES,G1 · Podologa a Domicilio,quiropedista a domicilio,Phrase,https://TUDOMINIO.com/landing-podologa-domicilio.html
Busqueda · Podologia a Domicilio · CT-NY · ES,G1 · Podologa a Domicilio,cuidado de pies a domicilio,Phrase,https://TUDOMINIO.com/landing-podologa-domicilio.html
Busqueda · Podologia a Domicilio · CT-NY · ES,G1 · Podologa a Domicilio,corte de uñas a domicilio,Phrase,https://TUDOMINIO.com/landing-podologa-domicilio.html
Busqueda · Podologia a Domicilio · CT-NY · ES,G1 · Podologa a Domicilio,corte de uñas adulto mayor,Phrase,https://TUDOMINIO.com/landing-podologa-domicilio.html
Busqueda · Podologia a Domicilio · CT-NY · ES,G1 · Podologa a Domicilio,podologo para diabeticos,Phrase,https://TUDOMINIO.com/landing-podologa-domicilio.html
Busqueda · Podologia a Domicilio · CT-NY · ES,G1 · Podologa a Domicilio,cuidado del pie diabetico,Phrase,https://TUDOMINIO.com/landing-podologa-domicilio.html
Busqueda · Podologia a Domicilio · CT-NY · ES,G1 · Podologa a Domicilio,especialista en pies,Phrase,https://TUDOMINIO.com/landing-podologa-domicilio.html
Busqueda · Podologia a Domicilio · CT-NY · ES,G1 · Podologa a Domicilio,doctor de pies,Phrase,https://TUDOMINIO.com/landing-podologa-domicilio.html
Busqueda · Podologia a Domicilio · CT-NY · ES,G1 · Podologa a Domicilio,medico de pies,Phrase,https://TUDOMINIO.com/landing-podologa-domicilio.html
Busqueda · Podologia a Domicilio · CT-NY · ES,G1 · Podologa a Domicilio,tratamiento de callos en los pies,Phrase,https://TUDOMINIO.com/landing-podologa-domicilio.html
Busqueda · Podologia a Domicilio · CT-NY · ES,G1 · Podologa a Domicilio,quitar callos de los pies,Phrase,https://TUDOMINIO.com/landing-podologa-domicilio.html
Busqueda · Podologia a Domicilio · CT-NY · ES,G1 · Podologa a Domicilio,eliminar durezas de los pies,Phrase,https://TUDOMINIO.com/landing-podologa-domicilio.html
Busqueda · Podologia a Domicilio · CT-NY · ES,G1 · Podologa a Domicilio,hongos en las uñas de los pies tratamiento,Phrase,https://TUDOMINIO.com/landing-podologa-domicilio.html
Busqueda · Podologia a Domicilio · CT-NY · ES,G1 · Podologa a Domicilio,uñas gruesas de los pies,Phrase,https://TUDOMINIO.com/landing-podologa-domicilio.html
Busqueda · Podologia a Domicilio · CT-NY · ES,G1 · Podologa a Domicilio,uñas amarillas de los pies,Phrase,https://TUDOMINIO.com/landing-podologa-domicilio.html
Busqueda · Podologia a Domicilio · CT-NY · ES,G1 · Podologa a Domicilio,talones agrietados tratamiento,Phrase,https://TUDOMINIO.com/landing-podologa-domicilio.html
Busqueda · Podologia a Domicilio · CT-NY · ES,G1 · Podologa a Domicilio,pedicura clinica,Phrase,https://TUDOMINIO.com/landing-podologa-domicilio.html
Busqueda · Podologia a Domicilio · CT-NY · ES,G1 · Podologa a Domicilio,pedicure medico,Phrase,https://TUDOMINIO.com/landing-podologa-domicilio.html
Busqueda · Podologia a Domicilio · CT-NY · ES,G1 · Podologa a Domicilio,podologo connecticut,Phrase,https://TUDOMINIO.com/landing-podologa-domicilio.html
Busqueda · Podologia a Domicilio · CT-NY · ES,G1 · Podologa a Domicilio,podologo westchester,Phrase,https://TUDOMINIO.com/landing-podologa-domicilio.html
Busqueda · Podologia a Domicilio · CT-NY · ES,G1 · Podologa a Domicilio,podologo bridgeport,Phrase,https://TUDOMINIO.com/landing-podologa-domicilio.html
Busqueda · Podologia a Domicilio · CT-NY · ES,G1 · Podologa a Domicilio,podologo danbury,Phrase,https://TUDOMINIO.com/landing-podologa-domicilio.html
Busqueda · Podologia a Domicilio · CT-NY · ES,G1 · Podologa a Domicilio,podologo stamford,Phrase,https://TUDOMINIO.com/landing-podologa-domicilio.html
Busqueda · Podologia a Domicilio · CT-NY · ES,G1 · Podologa a Domicilio,podologo norwalk,Phrase,https://TUDOMINIO.com/landing-podologa-domicilio.html
Busqueda · Podologia a Domicilio · CT-NY · ES,G1 · Podologa a Domicilio,podologo waterbury,Phrase,https://TUDOMINIO.com/landing-podologa-domicilio.html
Busqueda · Podologia a Domicilio · CT-NY · ES,G1 · Podologa a Domicilio,podologo new haven,Phrase,https://TUDOMINIO.com/landing-podologa-domicilio.html
Busqueda · Podologia a Domicilio · CT-NY · ES,G1 · Podologa a Domicilio,podologo white plains,Phrase,https://TUDOMINIO.com/landing-podologa-domicilio.html
Busqueda · Podologia a Domicilio · CT-NY · ES,G1 · Podologa a Domicilio,podologo port chester,Phrase,https://TUDOMINIO.com/landing-podologa-domicilio.html
Busqueda · Podologia a Domicilio · CT-NY · ES,G1 · Podologa a Domicilio,podologo new rochelle,Phrase,https://TUDOMINIO.com/landing-podologa-domicilio.html
Busqueda · Podologia a Domicilio · CT-NY · ES,G1 · Podologa a Domicilio,podologo peekskill,Phrase,https://TUDOMINIO.com/landing-podologa-domicilio.html
Busqueda · Podologia a Domicilio · CT-NY · ES,G2 · Una Encarnada / Unero,uña encarnada,Exact,https://TUDOMINIO.com/landing-una-encarnada-domicilio.html
Busqueda · Podologia a Domicilio · CT-NY · ES,G2 · Una Encarnada / Unero,uñas encarnadas,Exact,https://TUDOMINIO.com/landing-una-encarnada-domicilio.html
Busqueda · Podologia a Domicilio · CT-NY · ES,G2 · Una Encarnada / Unero,una encarnada,Exact,https://TUDOMINIO.com/landing-una-encarnada-domicilio.html
Busqueda · Podologia a Domicilio · CT-NY · ES,G2 · Una Encarnada / Unero,unas encarnadas,Exact,https://TUDOMINIO.com/landing-una-encarnada-domicilio.html
Busqueda · Podologia a Domicilio · CT-NY · ES,G2 · Una Encarnada / Unero,uñero,Exact,https://TUDOMINIO.com/landing-una-encarnada-domicilio.html
Busqueda · Podologia a Domicilio · CT-NY · ES,G2 · Una Encarnada / Unero,uñero en el pie,Exact,https://TUDOMINIO.com/landing-una-encarnada-domicilio.html
Busqueda · Podologia a Domicilio · CT-NY · ES,G2 · Una Encarnada / Unero,unero en el pie,Exact,https://TUDOMINIO.com/landing-una-encarnada-domicilio.html
Busqueda · Podologia a Domicilio · CT-NY · ES,G2 · Una Encarnada / Unero,uña enterrada,Exact,https://TUDOMINIO.com/landing-una-encarnada-domicilio.html
Busqueda · Podologia a Domicilio · CT-NY · ES,G2 · Una Encarnada / Unero,uña enterrada en el pie,Exact,https://TUDOMINIO.com/landing-una-encarnada-domicilio.html
Busqueda · Podologia a Domicilio · CT-NY · ES,G2 · Una Encarnada / Unero,uña encajada,Exact,https://TUDOMINIO.com/landing-una-encarnada-domicilio.html
Busqueda · Podologia a Domicilio · CT-NY · ES,G2 · Una Encarnada / Unero,uña clavada en el dedo,Exact,https://TUDOMINIO.com/landing-una-encarnada-domicilio.html
Busqueda · Podologia a Domicilio · CT-NY · ES,G2 · Una Encarnada / Unero,uña encarnada infectada,Exact,https://TUDOMINIO.com/landing-una-encarnada-domicilio.html
Busqueda · Podologia a Domicilio · CT-NY · ES,G2 · Una Encarnada / Unero,uñero infectado,Exact,https://TUDOMINIO.com/landing-una-encarnada-domicilio.html
Busqueda · Podologia a Domicilio · CT-NY · ES,G2 · Una Encarnada / Unero,uña encarnada con pus,Exact,https://TUDOMINIO.com/landing-una-encarnada-domicilio.html
Busqueda · Podologia a Domicilio · CT-NY · ES,G2 · Una Encarnada / Unero,uña encarnada dedo gordo,Exact,https://TUDOMINIO.com/landing-una-encarnada-domicilio.html
Busqueda · Podologia a Domicilio · CT-NY · ES,G2 · Una Encarnada / Unero,como quitar una uña encarnada,Exact,https://TUDOMINIO.com/landing-una-encarnada-domicilio.html
Busqueda · Podologia a Domicilio · CT-NY · ES,G2 · Una Encarnada / Unero,quitar uña encarnada,Exact,https://TUDOMINIO.com/landing-una-encarnada-domicilio.html
Busqueda · Podologia a Domicilio · CT-NY · ES,G2 · Una Encarnada / Unero,sacar uña encarnada,Exact,https://TUDOMINIO.com/landing-una-encarnada-domicilio.html
Busqueda · Podologia a Domicilio · CT-NY · ES,G2 · Una Encarnada / Unero,tratamiento para uña encarnada,Exact,https://TUDOMINIO.com/landing-una-encarnada-domicilio.html
Busqueda · Podologia a Domicilio · CT-NY · ES,G2 · Una Encarnada / Unero,tratamiento de uña encarnada a domicilio,Exact,https://TUDOMINIO.com/landing-una-encarnada-domicilio.html
Busqueda · Podologia a Domicilio · CT-NY · ES,G2 · Una Encarnada / Unero,doctor para uña encarnada,Exact,https://TUDOMINIO.com/landing-una-encarnada-domicilio.html
Busqueda · Podologia a Domicilio · CT-NY · ES,G2 · Una Encarnada / Unero,podologo para uña encarnada,Exact,https://TUDOMINIO.com/landing-una-encarnada-domicilio.html
Busqueda · Podologia a Domicilio · CT-NY · ES,G2 · Una Encarnada / Unero,onicocriptosis,Exact,https://TUDOMINIO.com/landing-una-encarnada-domicilio.html
Busqueda · Podologia a Domicilio · CT-NY · ES,G2 · Una Encarnada / Unero,uña encarnada cerca de mi,Exact,https://TUDOMINIO.com/landing-una-encarnada-domicilio.html
Busqueda · Podologia a Domicilio · CT-NY · ES,G2 · Una Encarnada / Unero,donde sacan uñas encarnadas,Exact,https://TUDOMINIO.com/landing-una-encarnada-domicilio.html
Busqueda · Podologia a Domicilio · CT-NY · ES,G2 · Una Encarnada / Unero,uña encarnada,Phrase,https://TUDOMINIO.com/landing-una-encarnada-domicilio.html
Busqueda · Podologia a Domicilio · CT-NY · ES,G2 · Una Encarnada / Unero,uñas encarnadas,Phrase,https://TUDOMINIO.com/landing-una-encarnada-domicilio.html
Busqueda · Podologia a Domicilio · CT-NY · ES,G2 · Una Encarnada / Unero,una encarnada,Phrase,https://TUDOMINIO.com/landing-una-encarnada-domicilio.html
Busqueda · Podologia a Domicilio · CT-NY · ES,G2 · Una Encarnada / Unero,unas encarnadas,Phrase,https://TUDOMINIO.com/landing-una-encarnada-domicilio.html
Busqueda · Podologia a Domicilio · CT-NY · ES,G2 · Una Encarnada / Unero,uñero,Phrase,https://TUDOMINIO.com/landing-una-encarnada-domicilio.html
Busqueda · Podologia a Domicilio · CT-NY · ES,G2 · Una Encarnada / Unero,uñero en el pie,Phrase,https://TUDOMINIO.com/landing-una-encarnada-domicilio.html
Busqueda · Podologia a Domicilio · CT-NY · ES,G2 · Una Encarnada / Unero,uñero en el dedo del pie,Phrase,https://TUDOMINIO.com/landing-una-encarnada-domicilio.html
Busqueda · Podologia a Domicilio · CT-NY · ES,G2 · Una Encarnada / Unero,uña enterrada,Phrase,https://TUDOMINIO.com/landing-una-encarnada-domicilio.html
Busqueda · Podologia a Domicilio · CT-NY · ES,G2 · Una Encarnada / Unero,uña enterrada en el dedo del pie,Phrase,https://TUDOMINIO.com/landing-una-encarnada-domicilio.html
Busqueda · Podologia a Domicilio · CT-NY · ES,G2 · Una Encarnada / Unero,uña encajada,Phrase,https://TUDOMINIO.com/landing-una-encarnada-domicilio.html
Busqueda · Podologia a Domicilio · CT-NY · ES,G2 · Una Encarnada / Unero,uña clavada,Phrase,https://TUDOMINIO.com/landing-una-encarnada-domicilio.html
Busqueda · Podologia a Domicilio · CT-NY · ES,G2 · Una Encarnada / Unero,uña encarnada infectada,Phrase,https://TUDOMINIO.com/landing-una-encarnada-domicilio.html
Busqueda · Podologia a Domicilio · CT-NY · ES,G2 · Una Encarnada / Unero,uñero infectado,Phrase,https://TUDOMINIO.com/landing-una-encarnada-domicilio.html
Busqueda · Podologia a Domicilio · CT-NY · ES,G2 · Una Encarnada / Unero,uña encarnada con pus,Phrase,https://TUDOMINIO.com/landing-una-encarnada-domicilio.html
Busqueda · Podologia a Domicilio · CT-NY · ES,G2 · Una Encarnada / Unero,uña encarnada dedo gordo del pie,Phrase,https://TUDOMINIO.com/landing-una-encarnada-domicilio.html
Busqueda · Podologia a Domicilio · CT-NY · ES,G2 · Una Encarnada / Unero,quitar uña encarnada,Phrase,https://TUDOMINIO.com/landing-una-encarnada-domicilio.html
Busqueda · Podologia a Domicilio · CT-NY · ES,G2 · Una Encarnada / Unero,sacar uña encarnada,Phrase,https://TUDOMINIO.com/landing-una-encarnada-domicilio.html
Busqueda · Podologia a Domicilio · CT-NY · ES,G2 · Una Encarnada / Unero,como curar una uña encarnada,Phrase,https://TUDOMINIO.com/landing-una-encarnada-domicilio.html
Busqueda · Podologia a Domicilio · CT-NY · ES,G2 · Una Encarnada / Unero,tratamiento uña encarnada,Phrase,https://TUDOMINIO.com/landing-una-encarnada-domicilio.html
Busqueda · Podologia a Domicilio · CT-NY · ES,G2 · Una Encarnada / Unero,uña encarnada a domicilio,Phrase,https://TUDOMINIO.com/landing-una-encarnada-domicilio.html
Busqueda · Podologia a Domicilio · CT-NY · ES,G2 · Una Encarnada / Unero,podologo uña encarnada,Phrase,https://TUDOMINIO.com/landing-una-encarnada-domicilio.html
Busqueda · Podologia a Domicilio · CT-NY · ES,G2 · Una Encarnada / Unero,doctor de uña encarnada,Phrase,https://TUDOMINIO.com/landing-una-encarnada-domicilio.html
Busqueda · Podologia a Domicilio · CT-NY · ES,G2 · Una Encarnada / Unero,donde sacan uñas encarnadas,Phrase,https://TUDOMINIO.com/landing-una-encarnada-domicilio.html
Busqueda · Podologia a Domicilio · CT-NY · ES,G2 · Una Encarnada / Unero,onicocriptosis,Phrase,https://TUDOMINIO.com/landing-una-encarnada-domicilio.html
Busqueda · Podologia a Domicilio · CT-NY · ES,G2 · Una Encarnada / Unero,dedo gordo del pie inflamado,Phrase,https://TUDOMINIO.com/landing-una-encarnada-domicilio.html
Busqueda · Podologia a Domicilio · CT-NY · ES,G2 · Una Encarnada / Unero,me duele la uña del dedo gordo,Phrase,https://TUDOMINIO.com/landing-una-encarnada-domicilio.html
Busqueda · Podologia a Domicilio · CT-NY · ES,G2 · Una Encarnada / Unero,uña encarnada connecticut,Phrase,https://TUDOMINIO.com/landing-una-encarnada-domicilio.html
Busqueda · Podologia a Domicilio · CT-NY · ES,G2 · Una Encarnada / Unero,uña encarnada bridgeport,Phrase,https://TUDOMINIO.com/landing-una-encarnada-domicilio.html
Busqueda · Podologia a Domicilio · CT-NY · ES,G2 · Una Encarnada / Unero,uña encarnada danbury,Phrase,https://TUDOMINIO.com/landing-una-encarnada-domicilio.html
Busqueda · Podologia a Domicilio · CT-NY · ES,G2 · Una Encarnada / Unero,uña encarnada stamford,Phrase,https://TUDOMINIO.com/landing-una-encarnada-domicilio.html
Busqueda · Podologia a Domicilio · CT-NY · ES,G2 · Una Encarnada / Unero,uña encarnada waterbury,Phrase,https://TUDOMINIO.com/landing-una-encarnada-domicilio.html
Busqueda · Podologia a Domicilio · CT-NY · ES,G2 · Una Encarnada / Unero,uña encarnada new haven,Phrase,https://TUDOMINIO.com/landing-una-encarnada-domicilio.html
Busqueda · Podologia a Domicilio · CT-NY · ES,G2 · Una Encarnada / Unero,uña encarnada white plains,Phrase,https://TUDOMINIO.com/landing-una-encarnada-domicilio.html
Busqueda · Podologia a Domicilio · CT-NY · ES,G2 · Una Encarnada / Unero,uña encarnada port chester,Phrase,https://TUDOMINIO.com/landing-una-encarnada-domicilio.html
Busqueda · Podologia a Domicilio · CT-NY · ES,G2 · Una Encarnada / Unero,uña encarnada new rochelle,Phrase,https://TUDOMINIO.com/landing-una-encarnada-domicilio.html
