Campaign,Keyword,Match Type
Busqueda · Podologia a Domicilio · CT-NY · ES,gratis,Phrase
Busqueda · Podologia a Domicilio · CT-NY · ES,free,Phrase
Busqueda · Podologia a Domicilio · CT-NY · ES,salario,Phrase
Busqueda · Podologia a Domicilio · CT-NY · ES,sueldo,Phrase
Busqueda · Podologia a Domicilio · CT-NY · ES,empleo,Phrase
Busqueda · Podologia a Domicilio · CT-NY · ES,trabajo,Phrase
Busqueda · Podologia a Domicilio · CT-NY · ES,vacante,Phrase
Busqueda · Podologia a Domicilio · CT-NY · ES,curso,Phrase
Busqueda · Podologia a Domicilio · CT-NY · ES,cursos,Phrase
Busqueda · Podologia a Domicilio · CT-NY · ES,escuela,Phrase
Busqueda · Podologia a Domicilio · CT-NY · ES,carrera,Phrase
Busqueda · Podologia a Domicilio · CT-NY · ES,diplomado,Phrase
Busqueda · Podologia a Domicilio · CT-NY · ES,certificacion,Phrase
Busqueda · Podologia a Domicilio · CT-NY · ES,como ser,Phrase
Busqueda · Podologia a Domicilio · CT-NY · ES,que es,Phrase
Busqueda · Podologia a Domicilio · CT-NY · ES,significado,Phrase
Busqueda · Podologia a Domicilio · CT-NY · ES,imagenes,Phrase
Busqueda · Podologia a Domicilio · CT-NY · ES,fotos,Phrase
Busqueda · Podologia a Domicilio · CT-NY · ES,videos,Phrase
Busqueda · Podologia a Domicilio · CT-NY · ES,youtube,Phrase
Busqueda · Podologia a Domicilio · CT-NY · ES,tiktok,Phrase
Busqueda · Podologia a Domicilio · CT-NY · ES,remedio casero,Phrase
Busqueda · Podologia a Domicilio · CT-NY · ES,remedios caseros,Phrase
Busqueda · Podologia a Domicilio · CT-NY · ES,casero,Phrase
Busqueda · Podologia a Domicilio · CT-NY · ES,en casa yo mismo,Phrase
Busqueda · Podologia a Domicilio · CT-NY · ES,kit,Phrase
Busqueda · Podologia a Domicilio · CT-NY · ES,comprar,Phrase
Busqueda · Podologia a Domicilio · CT-NY · ES,amazon,Phrase
Busqueda · Podologia a Domicilio · CT-NY · ES,walmart,Phrase
Busqueda · Podologia a Domicilio · CT-NY · ES,cortauñas,Phrase
Busqueda · Podologia a Domicilio · CT-NY · ES,alicate,Phrase
Busqueda · Podologia a Domicilio · CT-NY · ES,herramientas,Phrase
Busqueda · Podologia a Domicilio · CT-NY · ES,crema,Phrase
Busqueda · Podologia a Domicilio · CT-NY · ES,pastillas,Phrase
Busqueda · Podologia a Domicilio · CT-NY · ES,farmacia,Phrase
Busqueda · Podologia a Domicilio · CT-NY · ES,seguro,Phrase
Busqueda · Podologia a Domicilio · CT-NY · ES,insurance,Phrase
Busqueda · Podologia a Domicilio · CT-NY · ES,medicaid,Phrase
Busqueda · Podologia a Domicilio · CT-NY · ES,medicare,Phrase
Busqueda · Podologia a Domicilio · CT-NY · ES,obamacare,Phrase
Busqueda · Podologia a Domicilio · CT-NY · ES,hospital,Phrase
Busqueda · Podologia a Domicilio · CT-NY · ES,emergency room,Phrase
Busqueda · Podologia a Domicilio · CT-NY · ES,urgencias,Phrase
Busqueda · Podologia a Domicilio · CT-NY · ES,veterinario,Phrase
Busqueda · Podologia a Domicilio · CT-NY · ES,perro,Phrase
Busqueda · Podologia a Domicilio · CT-NY · ES,gato,Phrase
Busqueda · Podologia a Domicilio · CT-NY · ES,mascota,Phrase
Busqueda · Podologia a Domicilio · CT-NY · ES,uñas acrilicas,Phrase
Busqueda · Podologia a Domicilio · CT-NY · ES,uñas postizas,Phrase
Busqueda · Podologia a Domicilio · CT-NY · ES,uñas de gel,Phrase
Busqueda · Podologia a Domicilio · CT-NY · ES,decoracion de uñas,Phrase
Busqueda · Podologia a Domicilio · CT-NY · ES,manicure spa,Phrase
Busqueda · Podologia a Domicilio · CT-NY · ES,nail salon,Phrase
Busqueda · Podologia a Domicilio · CT-NY · ES,nail spa,Phrase
Busqueda · Podologia a Domicilio · CT-NY · ES,uñero de la mano,Phrase
Busqueda · Podologia a Domicilio · CT-NY · ES,uña de la mano,Phrase
Busqueda · Podologia a Domicilio · CT-NY · ES,dedo de la mano,Phrase
Busqueda · Podologia a Domicilio · CT-NY · ES,podiatrist near me,Phrase
Busqueda · Podologia a Domicilio · CT-NY · ES,foot doctor,Phrase
